,State,Year,Reading,Math,Writing,Percent of Graduates taking SAT
0,United States,2009-01-01,501,515,493.0,46.0
1,Alabama,2009-01-01,557,552,549.0,7.0
2,Alaska,2009-01-01,520,516,492.0,46.0
3,Arizona,2009-01-01,516,521,497.0,26.0
4,Arkansas,2009-01-01,572,572,556.0,5.0
5,California,2009-01-01,500,513,498.0,49.0
6,Colorado,2009-01-01,568,575,555.0,20.0
7,Connecticut,2009-01-01,509,513,512.0,83.0
8,Delaware,2009-01-01,495,498,484.0,71.0
9,District of Columbia,2009-01-01,466,451,461.0,79.0
10,Florida,2009-01-01,497,498,480.0,59.0
11,Georgia,2009-01-01,490,491,479.0,71.0
12,Hawaii,2009-01-01,479,502,469.0,58.0
13,Idaho,2009-01-01,541,540,520.0,18.0
14,Illinois,2009-01-01,588,604,583.0,6.0
15,Indiana,2009-01-01,496,507,480.0,63.0
16,Iowa,2009-01-01,610,615,588.0,3.0
17,Kansas,2009-01-01,581,589,564.0,7.0
18,Kentucky,2009-01-01,573,573,561.0,7.0
19,Louisiana,2009-01-01,563,558,555.0,7.0
20,Maine,2009-01-01,468,467,455.0,90.0
21,Maryland,2009-01-01,500,502,495.0,69.0
22,Massachusetts,2009-01-01,514,526,510.0,84.0
23,Michigan,2009-01-01,584,603,575.0,5.0
24,Minnesota,2009-01-01,595,609,578.0,7.0
25,Mississippi,2009-01-01,567,554,559.0,4.0
26,Missouri,2009-01-01,595,600,584.0,5.0
27,Montana,2009-01-01,541,542,519.0,22.0
28,Nebraska,2009-01-01,587,594,572.0,4.0
29,Nevada,2009-01-01,501,505,479.0,42.0
30,New Hampshire,2009-01-01,523,523,510.0,75.0
31,New Jersey,2009-01-01,496,513,496.0,76.0
32,New Mexico,2009-01-01,553,546,534.0,11.0
33,New York,2009-01-01,485,502,478.0,85.0
34,North Carolina,2009-01-01,495,511,480.0,63.0
35,North Dakota,2009-01-01,590,593,566.0,3.0
36,Ohio,2009-01-01,537,546,523.0,22.0
37,Oklahoma,2009-01-01,575,571,557.0,5.0
38,Oregon,2009-01-01,523,525,499.0,52.0
39,Pennsylvania,2009-01-01,493,501,483.0,71.0
40,Rhode Island,2009-01-01,498,496,494.0,66.0
41,South Carolina,2009-01-01,486,496,470.0,67.0
42,South Dakota,2009-01-01,589,600,569.0,3.0
43,Tennessee,2009-01-01,571,565,565.0,10.0
44,Texas,2009-01-01,486,506,475.0,51.0
45,Utah,2009-01-01,559,558,540.0,6.0
46,Vermont,2009-01-01,518,518,506.0,64.0
47,Virginia,2009-01-01,511,512,498.0,68.0
48,Washington,2009-01-01,524,531,507.0,53.0
49,West Virginia,2009-01-01,511,501,499.0,18.0
50,Wisconsin,2009-01-01,594,608,582.0,5.0
51,Wyoming,2009-01-01,567,568,550.0,5.0
52,United States,2008-01-01,502,515,494.0,45.0
53,Alabama,2008-01-01,565,557,554.0,8.0
54,Alaska,2008-01-01,520,520,493.0,45.0
55,Arizona,2008-01-01,516,522,500.0,26.0
56,Arkansas,2008-01-01,575,567,559.0,5.0
57,California,2008-01-01,499,515,498.0,48.0
58,Colorado,2008-01-01,564,570,553.0,21.0
59,Connecticut,2008-01-01,509,513,513.0,83.0
60,Delaware,2008-01-01,499,498,490.0,70.0
61,District of Columbia,2008-01-01,470,455,465.0,84.0
62,Florida,2008-01-01,496,497,481.0,54.0
63,Georgia,2008-01-01,491,493,482.0,70.0
64,Hawaii,2008-01-01,481,502,470.0,58.0
65,Idaho,2008-01-01,540,540,517.0,18.0
66,Illinois,2008-01-01,583,601,578.0,7.0
67,Indiana,2008-01-01,496,508,481.0,62.0
68,Iowa,2008-01-01,603,612,582.0,3.0
69,Kansas,2008-01-01,580,589,564.0,7.0
70,Kentucky,2008-01-01,568,570,554.0,8.0
71,Louisiana,2008-01-01,566,564,558.0,7.0
72,Maine,2008-01-01,469,466,461.0,87.0
73,Maryland,2008-01-01,499,502,497.0,69.0
74,Massachusetts,2008-01-01,514,525,513.0,83.0
75,Michigan,2008-01-01,581,598,572.0,6.0
76,Minnesota,2008-01-01,596,609,579.0,8.0
77,Mississippi,2008-01-01,574,556,566.0,3.0
78,Missouri,2008-01-01,594,597,584.0,5.0
79,Montana,2008-01-01,541,548,523.0,24.0
80,Nebraska,2008-01-01,581,585,567.0,5.0
81,Nevada,2008-01-01,498,506,478.0,40.0
82,New Hampshire,2008-01-01,521,523,511.0,74.0
83,New Jersey,2008-01-01,495,513,496.0,76.0
84,New Mexico,2008-01-01,557,548,540.0,12.0
85,New York,2008-01-01,488,504,481.0,84.0
86,North Carolina,2008-01-01,496,511,482.0,63.0
87,North Dakota,2008-01-01,594,604,568.0,3.0
88,Ohio,2008-01-01,534,544,521.0,24.0
89,Oklahoma,2008-01-01,572,572,557.0,6.0
90,Oregon,2008-01-01,523,527,502.0,53.0
91,Pennsylvania,2008-01-01,494,501,483.0,71.0
92,Rhode Island,2008-01-01,495,498,493.0,66.0
93,South Carolina,2008-01-01,488,497,476.0,61.0
94,South Dakota,2008-01-01,595,596,575.0,3.0
95,Tennessee,2008-01-01,571,570,566.0,11.0
96,Texas,2008-01-01,488,505,480.0,50.0
97,Utah,2008-01-01,561,557,543.0,6.0
98,Vermont,2008-01-01,519,523,507.0,64.0
99,Virginia,2008-01-01,511,512,499.0,68.0
100,Washington,2008-01-01,526,533,509.0,52.0
101,West Virginia,2008-01-01,512,501,498.0,19.0
102,Wisconsin,2008-01-01,587,604,577.0,5.0
103,Wyoming,2008-01-01,562,574,541.0,6.0
104,United States,2018-01-01,536,531,,58.18144436577528
105,Alabama,2018-01-01,595,571,,6.0
106,Alaska,2018-01-01,562,544,,43.0
107,Arizona,2018-01-01,577,572,,29.0
108,Arkansas,2018-01-01,592,576,,5.0
109,California,2018-01-01,540,536,,60.0
110,Colorado,2018-01-01,519,506,,100.0
111,Connecticut,2018-01-01,535,519,,100.0
112,Delaware,2018-01-01,505,492,,100.0
113,District of Columbia,2018-01-01,497,480,,92.0
114,Florida,2018-01-01,522,493,,97.0
115,Georgia,2018-01-01,542,522,,70.0
116,Hawaii,2018-01-01,550,549,,56.0
117,Idaho,2018-01-01,508,493,,100.0
118,Illinois,2018-01-01,513,506,,99.0
119,Indiana,2018-01-01,546,539,,67.0
120,Iowa,2018-01-01,634,631,,3.0
121,Kansas,2018-01-01,633,631,,4.0
122,Kentucky,2018-01-01,630,618,,4.0
123,Louisiana,2018-01-01,615,595,,4.0
124,Maine,2018-01-01,512,501,,99.0
125,Maryland,2018-01-01,545,535,,76.0
126,Massachusetts,2018-01-01,562,563,,80.0
127,Michigan,2018-01-01,511,499,,100.0
128,Minnesota,2018-01-01,643,655,,4.0
129,Mississippi,2018-01-01,630,606,,3.0
130,Missouri,2018-01-01,633,629,,4.0
131,Montana,2018-01-01,606,592,,10.0
132,Nebraska,2018-01-01,629,623,,3.0
133,Nevada,2018-01-01,574,566,,23.0
134,New Hampshire,2018-01-01,535,528,,96.0
135,New Jersey,2018-01-01,547,547,,82.0
136,New Mexico,2018-01-01,552,540,,16.0
137,New York,2018-01-01,534,534,,79.0
138,North Carolina,2018-01-01,554,543,,52.0
139,North Dakota,2018-01-01,640,643,,2.0
140,Ohio,2018-01-01,552,547,,18.0
141,Oklahoma,2018-01-01,541,521,,8.0
142,Oregon,2018-01-01,564,553,,48.0
143,Pennsylvania,2018-01-01,547,539,,70.0
144,Rhode Island,2018-01-01,513,505,,97.0
145,South Carolina,2018-01-01,547,523,,55.0
146,South Dakota,2018-01-01,622,618,,3.0
147,Tennessee,2018-01-01,624,607,,6.0
148,Texas,2018-01-01,520,512,,66.0
149,Utah,2018-01-01,618,612,,4.0
150,Vermont,2018-01-01,565,554,,64.0
151,Virginia,2018-01-01,567,550,,68.0
152,Washington,2018-01-01,543,538,,69.0
153,West Virginia,2018-01-01,513,486,,28.0
154,Wisconsin,2018-01-01,641,653,,3.0
155,Wyoming,2018-01-01,633,625,,3.0
156,United States,2019-01-01,531,528,,60.424835267124465
157,Alabama,2019-01-01,583,560,,7.0
158,Alaska,2019-01-01,556,541,,41.0
159,Arizona,2019-01-01,569,565,,31.0
160,Arkansas,2019-01-01,582,559,,6.0
161,California,2019-01-01,534,531,,63.0
162,Colorado,2019-01-01,518,506,,100.0
163,Connecticut,2019-01-01,529,516,,100.0
164,Delaware,2019-01-01,499,486,,100.0
165,District of Columbia,2019-01-01,495,480,,94.0
166,Florida,2019-01-01,516,483,,100.0
167,Georgia,2019-01-01,538,519,,71.0
168,Hawaii,2019-01-01,550,550,,54.0
169,Idaho,2019-01-01,505,488,,100.0
170,Illinois,2019-01-01,509,504,,100.0
171,Indiana,2019-01-01,543,537,,66.0
172,Iowa,2019-01-01,622,622,,3.0
173,Kansas,2019-01-01,618,623,,4.0
174,Kentucky,2019-01-01,620,612,,4.0
175,Louisiana,2019-01-01,610,591,,5.0
176,Maine,2019-01-01,512,502,,99.0
177,Maryland,2019-01-01,535,523,,82.0
178,Massachusetts,2019-01-01,559,561,,81.0
179,Michigan,2019-01-01,507,496,,100.0
180,Minnesota,2019-01-01,636,648,,4.0
181,Mississippi,2019-01-01,628,608,,3.0
182,Missouri,2019-01-01,622,614,,4.0
183,Montana,2019-01-01,603,596,,9.0
184,Nebraska,2019-01-01,628,631,,3.0
185,Nevada,2019-01-01,580,576,,20.0
186,New Hampshire,2019-01-01,533,526,,95.0
187,New Jersey,2019-01-01,544,545,,82.0
188,New Mexico,2019-01-01,543,530,,18.0
189,New York,2019-01-01,531,533,,79.0
190,North Carolina,2019-01-01,554,546,,51.0
191,North Dakota,2019-01-01,627,636,,2.0
192,Ohio,2019-01-01,550,548,,19.0
193,Oklahoma,2019-01-01,490,472,,22.0
194,Oregon,2019-01-01,562,550,,51.0
195,Pennsylvania,2019-01-01,545,537,,70.0
196,Rhode Island,2019-01-01,503,492,,100.0
197,South Carolina,2019-01-01,526,504,,68.0
198,South Dakota,2019-01-01,633,635,,3.0
199,Tennessee,2019-01-01,618,602,,7.0
200,Texas,2019-01-01,515,507,,68.0
201,Utah,2019-01-01,614,615,,4.0
202,Vermont,2019-01-01,560,546,,66.0
203,Virginia,2019-01-01,567,551,,68.0
204,Washington,2019-01-01,539,535,,70.0
205,West Virginia,2019-01-01,483,460,,99.0
206,Wisconsin,2019-01-01,635,648,,3.0
207,Wyoming,2019-01-01,623,615,,3.0
208,United States,2000-01-01,505,514,,44.0
209,Alabama,2000-01-01,559,555,,9.0
210,Alaska,2000-01-01,519,515,,50.0
211,Arizona,2000-01-01,521,523,,34.0
212,Arkansas,2000-01-01,563,554,,6.0
213,California,2000-01-01,497,518,,49.0
214,Colorado,2000-01-01,534,537,,32.0
215,Connecticut,2000-01-01,508,509,,81.0
216,Delaware,2000-01-01,502,496,,66.0
217,District of Columbia,2000-01-01,494,486,,89.0
218,Florida,2000-01-01,498,500,,55.0
219,Georgia,2000-01-01,488,486,,64.0
220,Hawaii,2000-01-01,488,519,,53.0
221,Idaho,2000-01-01,540,541,,16.0
222,Illinois,2000-01-01,568,586,,12.0
223,Indiana,2000-01-01,498,501,,60.0
224,Iowa,2000-01-01,589,600,,5.0
225,Kansas,2000-01-01,574,580,,9.0
226,Kentucky,2000-01-01,548,550,,12.0
227,Louisiana,2000-01-01,562,558,,8.0
228,Maine,2000-01-01,504,500,,68.0
229,Maryland,2000-01-01,507,509,,65.0
230,Massachusetts,2000-01-01,511,513,,78.0
231,Michigan,2000-01-01,557,569,,11.0
232,Minnesota,2000-01-01,581,594,,9.0
233,Mississippi,2000-01-01,562,549,,4.0
234,Missouri,2000-01-01,572,577,,8.0
235,Montana,2000-01-01,543,546,,23.0
236,Nebraska,2000-01-01,560,571,,9.0
237,Nevada,2000-01-01,510,517,,34.0
238,New Hampshire,2000-01-01,520,519,,72.0
239,New Jersey,2000-01-01,498,513,,81.0
240,New Mexico,2000-01-01,549,543,,12.0
241,New York,2000-01-01,494,506,,77.0
242,North Carolina,2000-01-01,492,496,,64.0
243,North Dakota,2000-01-01,588,609,,4.0
244,Ohio,2000-01-01,533,539,,26.0
245,Oklahoma,2000-01-01,563,560,,8.0
246,Oregon,2000-01-01,527,527,,54.0
247,Pennsylvania,2000-01-01,498,497,,70.0
248,Rhode Island,2000-01-01,505,500,,71.0
249,South Carolina,2000-01-01,484,482,,59.0
250,South Dakota,2000-01-01,587,588,,4.0
251,Tennessee,2000-01-01,563,553,,13.0
252,Texas,2000-01-01,493,500,,52.0
253,Utah,2000-01-01,570,569,,5.0
254,Vermont,2000-01-01,513,508,,70.0
255,Virginia,2000-01-01,509,500,,67.0
256,Washington,2000-01-01,526,528,,52.0
257,West Virginia,2000-01-01,526,511,,19.0
258,Wisconsin,2000-01-01,584,597,,7.0
259,Wyoming,2000-01-01,545,545,,12.0
260,United States,2014-01-01,497,513,487.0,49.69143322359429
261,Alabama,2014-01-01,547,538,532.0,6.7
262,Alaska,2014-01-01,507,503,475.0,54.2
263,Arizona,2014-01-01,522,525,500.0,36.4
264,Arkansas,2014-01-01,573,571,554.0,4.2
265,California,2014-01-01,498,510,496.0,60.3
266,Colorado,2014-01-01,582,586,567.0,14.3
267,Connecticut,2014-01-01,507,510,508.0,88.4
268,Delaware,2014-01-01,456,459,444.0,100.0
269,District of Columbia,2014-01-01,440,438,431.0,100.0
270,Florida,2014-01-01,491,485,472.0,72.2
271,Georgia,2014-01-01,488,485,472.0,77.2
272,Hawaii,2014-01-01,484,504,472.0,62.6
273,Idaho,2014-01-01,458,456,450.0,100.0
274,Illinois,2014-01-01,599,616,587.0,4.6
275,Indiana,2014-01-01,497,500,477.0,70.5
276,Iowa,2014-01-01,605,611,578.0,3.1
277,Kansas,2014-01-01,591,596,566.0,5.3
278,Kentucky,2014-01-01,589,585,572.0,4.6
279,Louisiana,2014-01-01,561,556,550.0,4.6
280,Maine,2014-01-01,467,471,449.0,95.6
281,Maryland,2014-01-01,492,495,481.0,78.5
282,Massachusetts,2014-01-01,516,531,509.0,84.1
283,Michigan,2014-01-01,593,610,581.0,3.8
284,Minnesota,2014-01-01,598,610,578.0,5.9
285,Mississippi,2014-01-01,583,566,565.0,3.2
286,Missouri,2014-01-01,595,597,579.0,4.2
287,Montana,2014-01-01,555,552,530.0,17.9
288,Nebraska,2014-01-01,589,587,569.0,3.7
289,Nevada,2014-01-01,495,494,469.0,54.2
290,New Hampshire,2014-01-01,524,530,512.0,70.3
291,New Jersey,2014-01-01,501,523,502.0,79.3
292,New Mexico,2014-01-01,548,543,526.0,12.3
293,New York,2014-01-01,488,502,478.0,76.3
294,North Carolina,2014-01-01,499,507,477.0,63.8
295,North Dakota,2014-01-01,612,620,584.0,2.3
296,Ohio,2014-01-01,555,562,535.0,15.1
297,Oklahoma,2014-01-01,576,571,550.0,4.5
298,Oregon,2014-01-01,523,522,499.0,47.9
299,Pennsylvania,2014-01-01,497,504,480.0,71.4
300,Rhode Island,2014-01-01,497,496,487.0,73.0
301,South Carolina,2014-01-01,488,490,465.0,64.9
302,South Dakota,2014-01-01,604,609,579.0,2.9
303,Tennessee,2014-01-01,578,570,566.0,7.9
304,Texas,2014-01-01,476,495,461.0,62.0
305,Utah,2014-01-01,571,568,551.0,5.2
306,Vermont,2014-01-01,522,525,507.0,63.1
307,Virginia,2014-01-01,518,515,497.0,73.1
308,Washington,2014-01-01,510,518,491.0,63.1
309,West Virginia,2014-01-01,517,505,500.0,14.8
310,Wisconsin,2014-01-01,596,608,578.0,3.9
311,Wyoming,2014-01-01,590,599,573.0,3.3
312,United States,2015-01-01,495,511,484.0,48.84147779228323
313,Alabama,2015-01-01,545,538,533.0,6.1
314,Alaska,2015-01-01,509,503,482.0,51.9
315,Arizona,2015-01-01,523,527,502.0,34.3
316,Arkansas,2015-01-01,568,569,551.0,4.1
317,California,2015-01-01,495,506,491.0,60.4
318,Colorado,2015-01-01,582,587,567.0,12.3
319,Connecticut,2015-01-01,504,506,504.0,89.3
320,Delaware,2015-01-01,462,461,445.0,100.0
321,District of Columbia,2015-01-01,441,440,432.0,100.0
322,Florida,2015-01-01,486,480,468.0,74.3
323,Georgia,2015-01-01,490,485,475.0,76.9
324,Hawaii,2015-01-01,487,508,477.0,61.4
325,Idaho,2015-01-01,467,463,442.0,99.9
326,Illinois,2015-01-01,599,616,587.0,4.0
327,Indiana,2015-01-01,496,499,478.0,70.9
328,Iowa,2015-01-01,589,600,566.0,2.9
329,Kansas,2015-01-01,588,592,568.0,4.8
330,Kentucky,2015-01-01,588,587,574.0,4.0
331,Louisiana,2015-01-01,563,559,553.0,4.6
332,Maine,2015-01-01,468,473,451.0,95.9
333,Maryland,2015-01-01,491,493,478.0,78.7
334,Massachusetts,2015-01-01,516,529,507.0,86.2
335,Michigan,2015-01-01,594,609,585.0,3.5
336,Minnesota,2015-01-01,595,607,576.0,5.4
337,Mississippi,2015-01-01,580,563,570.0,3.1
338,Missouri,2015-01-01,596,599,582.0,3.7
339,Montana,2015-01-01,561,556,538.0,15.0
340,Nebraska,2015-01-01,589,590,576.0,3.5
341,Nevada,2015-01-01,494,494,470.0,49.8
342,New Hampshire,2015-01-01,525,530,511.0,69.8
343,New Jersey,2015-01-01,500,521,499.0,81.4
344,New Mexico,2015-01-01,551,544,528.0,12.1
345,New York,2015-01-01,489,502,478.0,74.9
346,North Carolina,2015-01-01,498,504,476.0,63.2
347,North Dakota,2015-01-01,597,608,586.0,1.9
348,Ohio,2015-01-01,557,563,537.0,13.7
349,Oklahoma,2015-01-01,576,569,548.0,4.4
350,Oregon,2015-01-01,523,521,502.0,46.6
351,Pennsylvania,2015-01-01,499,504,482.0,70.6
352,Rhode Island,2015-01-01,494,494,484.0,76.8
353,South Carolina,2015-01-01,488,487,467.0,65.4
354,South Dakota,2015-01-01,592,597,564.0,2.8
355,Tennessee,2015-01-01,581,574,568.0,7.0
356,Texas,2015-01-01,470,486,454.0,64.3
357,Utah,2015-01-01,579,575,554.0,4.5
358,Vermont,2015-01-01,523,524,507.0,61.3
359,Virginia,2015-01-01,518,516,499.0,72.2
360,Washington,2015-01-01,502,510,484.0,66.2
361,West Virginia,2015-01-01,509,497,495.0,14.7
362,Wisconsin,2015-01-01,591,605,575.0,3.6
363,Wyoming,2015-01-01,589,586,562.0,3.3
364,United States,2001-01-01,506,514,,45.0
365,Alabama,2001-01-01,559,554,,9.0
366,Alaska,2001-01-01,514,510,,51.0
367,Arizona,2001-01-01,523,525,,34.0
368,Arkansas,2001-01-01,562,550,,6.0
369,California,2001-01-01,498,517,,51.0
370,Colorado,2001-01-01,539,542,,31.0
371,Connecticut,2001-01-01,509,510,,82.0
372,Delaware,2001-01-01,501,499,,67.0
373,District of Columbia,2001-01-01,482,474,,56.0
374,Florida,2001-01-01,498,499,,54.0
375,Georgia,2001-01-01,491,489,,63.0
376,Hawaii,2001-01-01,486,515,,52.0
377,Idaho,2001-01-01,543,542,,17.0
378,Illinois,2001-01-01,576,589,,12.0
379,Indiana,2001-01-01,499,501,,60.0
380,Iowa,2001-01-01,593,603,,5.0
381,Kansas,2001-01-01,577,580,,9.0
382,Kentucky,2001-01-01,550,550,,12.0
383,Louisiana,2001-01-01,564,562,,7.0
384,Maine,2001-01-01,506,500,,69.0
385,Maryland,2001-01-01,508,510,,65.0
386,Massachusetts,2001-01-01,511,515,,79.0
387,Michigan,2001-01-01,561,572,,11.0
388,Minnesota,2001-01-01,580,589,,9.0
389,Mississippi,2001-01-01,566,551,,4.0
390,Missouri,2001-01-01,577,577,,8.0
391,Montana,2001-01-01,539,539,,23.0
392,Nebraska,2001-01-01,562,568,,8.0
393,Nevada,2001-01-01,509,515,,33.0
394,New Hampshire,2001-01-01,520,516,,72.0
395,New Jersey,2001-01-01,499,513,,81.0
396,New Mexico,2001-01-01,551,542,,13.0
397,New York,2001-01-01,495,505,,77.0
398,North Carolina,2001-01-01,493,499,,65.0
399,North Dakota,2001-01-01,592,599,,4.0
400,Ohio,2001-01-01,534,539,,26.0
401,Oklahoma,2001-01-01,567,561,,8.0
402,Oregon,2001-01-01,526,526,,55.0
403,Pennsylvania,2001-01-01,500,499,,71.0
404,Rhode Island,2001-01-01,501,499,,71.0
405,South Carolina,2001-01-01,486,488,,57.0
406,South Dakota,2001-01-01,577,582,,4.0
407,Tennessee,2001-01-01,562,553,,13.0
408,Texas,2001-01-01,493,499,,53.0
409,Utah,2001-01-01,575,570,,5.0
410,Vermont,2001-01-01,511,506,,69.0
411,Virginia,2001-01-01,510,501,,68.0
412,Washington,2001-01-01,527,527,,53.0
413,West Virginia,2001-01-01,527,512,,18.0
414,Wisconsin,2001-01-01,584,596,,6.0
415,Wyoming,2001-01-01,547,545,,11.0
416,United States,2017-01-01,533,527,,47.69663436809253
417,Alabama,2017-01-01,593,572,,5.0
418,Alaska,2017-01-01,547,533,,38.0
419,Arizona,2017-01-01,563,553,,30.0
420,Arkansas,2017-01-01,614,594,,3.0
421,California,2017-01-01,531,524,,53.0
422,Colorado,2017-01-01,606,595,,11.0
423,Connecticut,2017-01-01,530,512,,100.0
424,Delaware,2017-01-01,503,492,,100.0
425,District of Columbia,2017-01-01,482,468,,90.0
426,Florida,2017-01-01,520,497,,83.0
427,Georgia,2017-01-01,535,515,,61.0
428,Hawaii,2017-01-01,544,541,,55.0
429,Idaho,2017-01-01,513,493,,93.0
430,Illinois,2017-01-01,559,556,,9.0
431,Indiana,2017-01-01,542,532,,63.0
432,Iowa,2017-01-01,641,635,,2.0
433,Kansas,2017-01-01,632,628,,4.0
434,Kentucky,2017-01-01,631,616,,4.0
435,Louisiana,2017-01-01,611,586,,4.0
436,Maine,2017-01-01,513,499,,95.0
437,Maryland,2017-01-01,536,524,,69.0
438,Massachusetts,2017-01-01,555,551,,76.0
439,Michigan,2017-01-01,509,495,,100.0
440,Minnesota,2017-01-01,644,651,,3.0
441,Mississippi,2017-01-01,634,607,,2.0
442,Missouri,2017-01-01,640,631,,3.0
443,Montana,2017-01-01,605,591,,10.0
444,Nebraska,2017-01-01,629,625,,3.0
445,Nevada,2017-01-01,563,553,,26.0
446,New Hampshire,2017-01-01,532,520,,96.0
447,New Jersey,2017-01-01,530,526,,70.0
448,New Mexico,2017-01-01,577,561,,11.0
449,New York,2017-01-01,528,523,,67.0
450,North Carolina,2017-01-01,546,535,,49.0
451,North Dakota,2017-01-01,635,621,,2.0
452,Ohio,2017-01-01,578,570,,12.0
453,Oklahoma,2017-01-01,530,517,,7.0
454,Oregon,2017-01-01,560,548,,43.0
455,Pennsylvania,2017-01-01,540,531,,65.0
456,Rhode Island,2017-01-01,539,524,,71.0
457,South Carolina,2017-01-01,543,521,,50.0
458,South Dakota,2017-01-01,612,603,,3.0
459,Tennessee,2017-01-01,623,604,,5.0
460,Texas,2017-01-01,513,507,,62.0
461,Utah,2017-01-01,624,614,,3.0
462,Vermont,2017-01-01,562,551,,60.0
463,Virginia,2017-01-01,561,541,,65.0
464,Washington,2017-01-01,541,534,,64.0
465,West Virginia,2017-01-01,558,528,,14.0
466,Wisconsin,2017-01-01,642,649,,3.0
467,Wyoming,2017-01-01,626,604,,3.0
468,United States,2003-01-01,507,519,,48.0
469,Alabama,2003-01-01,559,552,,10.0
470,Alaska,2003-01-01,518,518,,55.0
471,Arizona,2003-01-01,524,525,,38.0
472,Arkansas,2003-01-01,564,554,,6.0
473,California,2003-01-01,499,519,,54.0
474,Colorado,2003-01-01,551,553,,27.0
475,Connecticut,2003-01-01,512,514,,84.0
476,Delaware,2003-01-01,501,501,,73.0
477,District of Columbia,2003-01-01,484,474,,77.0
478,Florida,2003-01-01,498,498,,61.0
479,Georgia,2003-01-01,493,491,,66.0
480,Hawaii,2003-01-01,486,516,,54.0
481,Idaho,2003-01-01,540,540,,18.0
482,Illinois,2003-01-01,583,596,,11.0
483,Indiana,2003-01-01,500,504,,63.0
484,Iowa,2003-01-01,586,597,,5.0
485,Kansas,2003-01-01,578,582,,9.0
486,Kentucky,2003-01-01,554,552,,13.0
487,Louisiana,2003-01-01,563,559,,8.0
488,Maine,2003-01-01,503,501,,70.0
489,Maryland,2003-01-01,509,515,,68.0
490,Massachusetts,2003-01-01,516,522,,82.0
491,Michigan,2003-01-01,564,576,,11.0
492,Minnesota,2003-01-01,582,591,,10.0
493,Mississippi,2003-01-01,565,551,,4.0
494,Missouri,2003-01-01,582,583,,8.0
495,Montana,2003-01-01,538,543,,26.0
496,Nebraska,2003-01-01,573,578,,8.0
497,Nevada,2003-01-01,510,517,,36.0
498,New Hampshire,2003-01-01,522,521,,75.0
499,New Jersey,2003-01-01,501,515,,85.0
500,New Mexico,2003-01-01,548,540,,14.0
501,New York,2003-01-01,496,510,,82.0
502,North Carolina,2003-01-01,495,506,,68.0
503,North Dakota,2003-01-01,602,613,,4.0
504,Ohio,2003-01-01,536,541,,28.0
505,Oklahoma,2003-01-01,569,562,,8.0
506,Oregon,2003-01-01,526,527,,57.0
507,Pennsylvania,2003-01-01,500,502,,73.0
508,Rhode Island,2003-01-01,502,504,,74.0
509,South Carolina,2003-01-01,493,496,,59.0
510,South Dakota,2003-01-01,588,588,,4.0
511,Tennessee,2003-01-01,568,560,,14.0
512,Texas,2003-01-01,493,500,,57.0
513,Utah,2003-01-01,566,559,,7.0
514,Vermont,2003-01-01,515,512,,70.0
515,Virginia,2003-01-01,514,510,,71.0
516,Washington,2003-01-01,530,532,,56.0
517,West Virginia,2003-01-01,522,510,,20.0
518,Wisconsin,2003-01-01,585,594,,7.0
519,Wyoming,2003-01-01,548,549,,11.0
520,United States,2002-01-01,504,516,,46.0
521,Alabama,2002-01-01,560,559,,9.0
522,Alaska,2002-01-01,516,519,,52.0
523,Arizona,2002-01-01,520,523,,36.0
524,Arkansas,2002-01-01,560,556,,5.0
525,California,2002-01-01,496,517,,52.0
526,Colorado,2002-01-01,543,548,,28.0
527,Connecticut,2002-01-01,509,509,,83.0
528,Delaware,2002-01-01,502,500,,69.0
529,District of Columbia,2002-01-01,480,473,,76.0
530,Florida,2002-01-01,496,499,,57.0
531,Georgia,2002-01-01,489,491,,65.0
532,Hawaii,2002-01-01,488,520,,53.0
533,Idaho,2002-01-01,539,541,,18.0
534,Illinois,2002-01-01,578,596,,11.0
535,Indiana,2002-01-01,498,503,,62.0
536,Iowa,2002-01-01,591,602,,5.0
537,Kansas,2002-01-01,578,580,,9.0
538,Kentucky,2002-01-01,550,552,,12.0
539,Louisiana,2002-01-01,561,559,,8.0
540,Maine,2002-01-01,503,502,,69.0
541,Maryland,2002-01-01,507,513,,67.0
542,Massachusetts,2002-01-01,512,516,,81.0
543,Michigan,2002-01-01,558,572,,11.0
544,Minnesota,2002-01-01,581,591,,10.0
545,Mississippi,2002-01-01,559,547,,4.0
546,Missouri,2002-01-01,574,580,,8.0
547,Montana,2002-01-01,541,547,,23.0
548,Nebraska,2002-01-01,561,570,,8.0
549,Nevada,2002-01-01,509,518,,34.0
550,New Hampshire,2002-01-01,519,519,,73.0
551,New Jersey,2002-01-01,498,513,,82.0
552,New Mexico,2002-01-01,551,543,,14.0
553,New York,2002-01-01,494,506,,79.0
554,North Carolina,2002-01-01,493,505,,67.0
555,North Dakota,2002-01-01,597,610,,4.0
556,Ohio,2002-01-01,533,540,,27.0
557,Oklahoma,2002-01-01,565,562,,8.0
558,Oregon,2002-01-01,524,528,,56.0
559,Pennsylvania,2002-01-01,498,500,,72.0
560,Rhode Island,2002-01-01,504,503,,73.0
561,South Carolina,2002-01-01,488,493,,59.0
562,South Dakota,2002-01-01,576,586,,5.0
563,Tennessee,2002-01-01,562,555,,14.0
564,Texas,2002-01-01,491,500,,55.0
565,Utah,2002-01-01,563,559,,6.0
566,Vermont,2002-01-01,512,510,,69.0
567,Virginia,2002-01-01,510,506,,68.0
568,Washington,2002-01-01,525,529,,54.0
569,West Virginia,2002-01-01,525,515,,18.0
570,Wisconsin,2002-01-01,583,599,,7.0
571,Wyoming,2002-01-01,531,537,,11.0
572,United States,2016-01-01,494,508,482.0,48.84147779228323
573,Alabama,2016-01-01,557,551,543.0,6.1
574,Alaska,2016-01-01,485,479,460.0,51.9
575,Arizona,2016-01-01,528,532,505.0,34.3
576,Arkansas,2016-01-01,570,569,553.0,4.1
577,California,2016-01-01,491,500,485.0,60.4
578,Colorado,2016-01-01,587,589,571.0,12.3
579,Connecticut,2016-01-01,500,500,497.0,89.3
580,Delaware,2016-01-01,458,453,440.0,100.0
581,District of Columbia,2016-01-01,433,433,419.0,100.0
582,Florida,2016-01-01,481,475,462.0,74.3
583,Georgia,2016-01-01,493,490,476.0,76.9
584,Hawaii,2016-01-01,491,511,476.0,61.4
585,Idaho,2016-01-01,465,453,446.0,99.9
586,Illinois,2016-01-01,605,622,592.0,4.0
587,Indiana,2016-01-01,496,499,477.0,70.9
588,Iowa,2016-01-01,602,611,572.0,2.9
589,Kansas,2016-01-01,594,604,571.0,4.8
590,Kentucky,2016-01-01,604,599,586.0,4.0
591,Louisiana,2016-01-01,584,577,571.0,4.6
592,Maine,2016-01-01,486,485,472.0,95.9
593,Maryland,2016-01-01,490,490,476.0,78.7
594,Massachusetts,2016-01-01,517,530,506.0,86.2
595,Michigan,2016-01-01,594,608,581.0,3.5
596,Minnesota,2016-01-01,607,620,588.0,5.4
597,Mississippi,2016-01-01,595,584,585.0,3.1
598,Missouri,2016-01-01,605,608,589.0,3.7
599,Montana,2016-01-01,565,557,539.0,15.0
600,Nebraska,2016-01-01,590,595,573.0,3.5
601,Nevada,2016-01-01,511,509,488.0,49.8
602,New Hampshire,2016-01-01,527,531,510.0,69.8
603,New Jersey,2016-01-01,495,514,492.0,81.4
604,New Mexico,2016-01-01,553,545,525.0,12.1
605,New York,2016-01-01,489,501,477.0,74.9
606,North Carolina,2016-01-01,502,508,475.0,63.2
607,North Dakota,2016-01-01,585,594,560.0,1.9
608,Ohio,2016-01-01,556,563,534.0,13.7
609,Oklahoma,2016-01-01,582,573,553.0,4.4
610,Oregon,2016-01-01,525,520,500.0,46.6
611,Pennsylvania,2016-01-01,500,506,481.0,70.6
612,Rhode Island,2016-01-01,490,491,480.0,76.8
613,South Carolina,2016-01-01,494,493,471.0,65.4
614,South Dakota,2016-01-01,586,581,558.0,2.8
615,Tennessee,2016-01-01,586,582,571.0,7.0
616,Texas,2016-01-01,466,478,449.0,64.3
617,Utah,2016-01-01,579,579,558.0,4.5
618,Vermont,2016-01-01,520,520,501.0,61.3
619,Virginia,2016-01-01,520,517,498.0,72.2
620,Washington,2016-01-01,501,506,481.0,66.2
621,West Virginia,2016-01-01,525,511,502.0,14.7
622,Wisconsin,2016-01-01,605,618,588.0,3.6
623,Wyoming,2016-01-01,603,600,587.0,3.3
624,United States,2012-01-01,496,514,488.0,53.6840390774421
625,Alabama,2012-01-01,538,531,527.0,8.0
626,Alaska,2012-01-01,512,507,485.0,54.0
627,Arizona,2012-01-01,517,525,499.0,27.0
628,Arkansas,2012-01-01,565,566,549.0,4.0
629,California,2012-01-01,495,512,496.0,55.0
630,Colorado,2012-01-01,575,581,562.0,17.0
631,Connecticut,2012-01-01,506,512,510.0,88.0
632,Delaware,2012-01-01,456,462,444.0,100.0
633,District of Columbia,2012-01-01,466,460,456.0,83.0
634,Florida,2012-01-01,492,492,476.0,66.0
635,Georgia,2012-01-01,488,489,475.0,81.0
636,Hawaii,2012-01-01,478,500,467.0,66.0
637,Idaho,2012-01-01,547,541,525.0,20.0
638,Illinois,2012-01-01,596,615,587.0,5.0
639,Indiana,2012-01-01,493,501,476.0,69.0
640,Iowa,2012-01-01,603,606,580.0,3.0
641,Kansas,2012-01-01,584,594,561.0,6.0
642,Kentucky,2012-01-01,579,575,566.0,6.0
643,Louisiana,2012-01-01,542,536,529.0,9.0
644,Maine,2012-01-01,470,472,452.0,93.0
645,Maryland,2012-01-01,497,502,488.0,74.0
646,Massachusetts,2012-01-01,513,530,508.0,89.0
647,Michigan,2012-01-01,586,603,574.0,4.0
648,Minnesota,2012-01-01,592,606,573.0,7.0
649,Mississippi,2012-01-01,561,544,551.0,4.0
650,Missouri,2012-01-01,589,592,575.0,5.0
651,Montana,2012-01-01,536,536,511.0,28.0
652,Nebraska,2012-01-01,576,585,562.0,5.0
653,Nevada,2012-01-01,491,493,466.0,49.0
654,New Hampshire,2012-01-01,521,525,510.0,75.0
655,New Jersey,2012-01-01,495,517,499.0,78.0
656,New Mexico,2012-01-01,550,546,529.0,13.0
657,New York,2012-01-01,483,500,475.0,90.0
658,North Carolina,2012-01-01,491,506,472.0,68.0
659,North Dakota,2012-01-01,588,610,568.0,3.0
660,Ohio,2012-01-01,543,552,525.0,19.0
661,Oklahoma,2012-01-01,568,566,546.0,5.0
662,Oregon,2012-01-01,521,523,498.0,57.0
663,Pennsylvania,2012-01-01,491,501,480.0,74.0
664,Rhode Island,2012-01-01,490,491,485.0,69.0
665,South Carolina,2012-01-01,481,488,462.0,73.0
666,South Dakota,2012-01-01,589,610,570.0,3.0
667,Tennessee,2012-01-01,576,570,566.0,10.0
668,Texas,2012-01-01,474,499,461.0,62.0
669,Utah,2012-01-01,568,566,548.0,6.0
670,Vermont,2012-01-01,519,523,505.0,69.0
671,Virginia,2012-01-01,510,512,495.0,72.0
672,Washington,2012-01-01,519,530,503.0,58.0
673,West Virginia,2012-01-01,516,502,497.0,17.0
674,Wisconsin,2012-01-01,594,605,577.0,4.0
675,Wyoming,2012-01-01,567,579,549.0,5.0
676,United States,2006-01-01,503,518,497.0,48.0
677,Alabama,2006-01-01,565,561,565.0,9.0
678,Alaska,2006-01-01,517,517,493.0,51.0
679,Arizona,2006-01-01,521,528,507.0,32.0
680,Arkansas,2006-01-01,574,568,567.0,5.0
681,California,2006-01-01,501,518,501.0,49.0
682,Colorado,2006-01-01,558,564,548.0,26.0
683,Connecticut,2006-01-01,512,516,511.0,84.0
684,Delaware,2006-01-01,495,500,484.0,73.0
685,District of Columbia,2006-01-01,487,472,482.0,78.0
686,Florida,2006-01-01,496,497,480.0,65.0
687,Georgia,2006-01-01,494,496,487.0,70.0
688,Hawaii,2006-01-01,482,509,472.0,60.0
689,Idaho,2006-01-01,543,545,525.0,19.0
690,Illinois,2006-01-01,591,609,586.0,9.0
691,Indiana,2006-01-01,498,509,486.0,62.0
692,Iowa,2006-01-01,602,613,591.0,4.0
693,Kansas,2006-01-01,582,590,566.0,8.0
694,Kentucky,2006-01-01,562,562,555.0,11.0
695,Louisiana,2006-01-01,570,571,571.0,6.0
696,Maine,2006-01-01,501,501,491.0,73.0
697,Maryland,2006-01-01,503,509,499.0,70.0
698,Massachusetts,2006-01-01,513,524,510.0,85.0
699,Michigan,2006-01-01,568,583,555.0,10.0
700,Minnesota,2006-01-01,591,600,574.0,10.0
701,Mississippi,2006-01-01,556,541,562.0,4.0
702,Missouri,2006-01-01,587,591,582.0,7.0
703,Montana,2006-01-01,538,545,524.0,28.0
704,Nebraska,2006-01-01,576,583,566.0,7.0
705,Nevada,2006-01-01,498,508,481.0,40.0
706,New Hampshire,2006-01-01,520,524,509.0,82.0
707,New Jersey,2006-01-01,496,515,496.0,82.0
708,New Mexico,2006-01-01,557,549,543.0,13.0
709,New York,2006-01-01,493,510,483.0,88.0
710,North Carolina,2006-01-01,495,513,485.0,71.0
711,North Dakota,2006-01-01,610,617,588.0,4.0
712,Ohio,2006-01-01,535,544,521.0,28.0
713,Oklahoma,2006-01-01,576,574,563.0,7.0
714,Oregon,2006-01-01,523,529,503.0,55.0
715,Pennsylvania,2006-01-01,493,500,483.0,74.0
716,Rhode Island,2006-01-01,495,502,490.0,69.0
717,South Carolina,2006-01-01,487,498,480.0,62.0
718,South Dakota,2006-01-01,590,604,578.0,4.0
719,Tennessee,2006-01-01,573,569,572.0,15.0
720,Texas,2006-01-01,491,506,487.0,52.0
721,Utah,2006-01-01,560,557,550.0,7.0
722,Vermont,2006-01-01,513,519,502.0,67.0
723,Virginia,2006-01-01,512,513,500.0,73.0
724,Washington,2006-01-01,527,532,511.0,54.0
725,West Virginia,2006-01-01,519,510,515.0,20.0
726,Wisconsin,2006-01-01,588,600,577.0,6.0
727,Wyoming,2006-01-01,548,555,537.0,10.0
728,United States,2007-01-01,502,515,494.0,48.0
729,Alabama,2007-01-01,563,556,554.0,9.0
730,Alaska,2007-01-01,519,517,491.0,48.0
731,Arizona,2007-01-01,519,525,502.0,32.0
732,Arkansas,2007-01-01,578,566,565.0,5.0
733,California,2007-01-01,499,516,498.0,49.0
734,Colorado,2007-01-01,560,565,549.0,24.0
735,Connecticut,2007-01-01,510,512,511.0,84.0
736,Delaware,2007-01-01,497,496,486.0,72.0
737,District of Columbia,2007-01-01,478,462,471.0,78.0
738,Florida,2007-01-01,497,496,479.0,65.0
739,Georgia,2007-01-01,494,495,483.0,69.0
740,Hawaii,2007-01-01,484,506,473.0,61.0
741,Idaho,2007-01-01,541,539,519.0,19.0
742,Illinois,2007-01-01,594,611,588.0,8.0
743,Indiana,2007-01-01,497,507,483.0,62.0
744,Iowa,2007-01-01,608,613,586.0,4.0
745,Kansas,2007-01-01,583,590,569.0,8.0
746,Kentucky,2007-01-01,567,565,553.0,10.0
747,Louisiana,2007-01-01,569,567,563.0,7.0
748,Maine,2007-01-01,466,465,457.0,100.0
749,Maryland,2007-01-01,500,502,496.0,70.0
750,Massachusetts,2007-01-01,513,522,511.0,85.0
751,Michigan,2007-01-01,568,579,553.0,9.0
752,Minnesota,2007-01-01,596,603,577.0,9.0
753,Mississippi,2007-01-01,568,549,560.0,4.0
754,Missouri,2007-01-01,594,594,587.0,6.0
755,Montana,2007-01-01,538,543,522.0,28.0
756,Nebraska,2007-01-01,579,585,562.0,6.0
757,Nevada,2007-01-01,500,506,480.0,41.0
758,New Hampshire,2007-01-01,521,521,512.0,83.0
759,New Jersey,2007-01-01,495,510,494.0,82.0
760,New Mexico,2007-01-01,555,546,540.0,12.0
761,New York,2007-01-01,491,505,482.0,89.0
762,North Carolina,2007-01-01,495,509,482.0,71.0
763,North Dakota,2007-01-01,584,596,562.0,4.0
764,Ohio,2007-01-01,536,542,522.0,27.0
765,Oklahoma,2007-01-01,578,571,559.0,6.0
766,Oregon,2007-01-01,522,526,502.0,54.0
767,Pennsylvania,2007-01-01,493,499,482.0,75.0
768,Rhode Island,2007-01-01,496,498,492.0,68.0
769,South Carolina,2007-01-01,488,496,475.0,62.0
770,South Dakota,2007-01-01,589,602,567.0,3.0
771,Tennessee,2007-01-01,574,569,568.0,13.0
772,Texas,2007-01-01,492,507,482.0,52.0
773,Utah,2007-01-01,558,556,544.0,6.0
774,Vermont,2007-01-01,516,518,508.0,67.0
775,Virginia,2007-01-01,511,511,498.0,73.0
776,Washington,2007-01-01,526,531,510.0,53.0
777,West Virginia,2007-01-01,516,507,505.0,20.0
778,Wisconsin,2007-01-01,587,598,575.0,6.0
779,Wyoming,2007-01-01,565,571,544.0,8.0
780,United States,2013-01-01,496,514,488.0,48.70172504840697
781,Alabama,2013-01-01,544,534,530.0,7.0
782,Alaska,2013-01-01,508,505,482.0,52.0
783,Arizona,2013-01-01,521,528,502.0,35.0
784,Arkansas,2013-01-01,572,570,555.0,4.0
785,California,2013-01-01,498,512,495.0,57.0
786,Colorado,2013-01-01,578,581,562.0,14.0
787,Connecticut,2013-01-01,508,512,512.0,85.0
788,Delaware,2013-01-01,451,457,443.0,100.0
789,District of Columbia,2013-01-01,473,466,461.0,91.0
790,Florida,2013-01-01,492,490,475.0,67.0
791,Georgia,2013-01-01,490,487,475.0,75.0
792,Hawaii,2013-01-01,481,504,468.0,64.0
793,Idaho,2013-01-01,454,459,451.0,99.0
794,Illinois,2013-01-01,600,617,590.0,5.0
795,Indiana,2013-01-01,493,500,477.0,70.0
796,Iowa,2013-01-01,592,601,570.0,3.0
797,Kansas,2013-01-01,589,595,568.0,6.0
798,Kentucky,2013-01-01,585,584,572.0,5.0
799,Louisiana,2013-01-01,556,553,546.0,5.0
800,Maine,2013-01-01,462,467,451.0,95.0
801,Maryland,2013-01-01,497,500,486.0,73.0
802,Massachusetts,2013-01-01,515,529,509.0,83.0
803,Michigan,2013-01-01,590,610,582.0,4.0
804,Minnesota,2013-01-01,595,608,577.0,6.0
805,Mississippi,2013-01-01,568,547,558.0,3.0
806,Missouri,2013-01-01,596,595,582.0,4.0
807,Montana,2013-01-01,539,540,516.0,25.0
808,Nebraska,2013-01-01,584,583,567.0,4.0
809,Nevada,2013-01-01,492,494,468.0,48.0
810,New Hampshire,2013-01-01,524,528,515.0,70.0
811,New Jersey,2013-01-01,499,522,500.0,78.0
812,New Mexico,2013-01-01,550,545,531.0,12.0
813,New York,2013-01-01,485,501,477.0,76.0
814,North Carolina,2013-01-01,495,506,478.0,62.0
815,North Dakota,2013-01-01,609,609,581.0,2.0
816,Ohio,2013-01-01,548,556,531.0,17.0
817,Oklahoma,2013-01-01,571,569,549.0,5.0
818,Oregon,2013-01-01,520,520,499.0,49.0
819,Pennsylvania,2013-01-01,494,504,482.0,71.0
820,Rhode Island,2013-01-01,491,490,487.0,72.0
821,South Carolina,2013-01-01,484,487,465.0,64.0
822,South Dakota,2013-01-01,592,601,567.0,3.0
823,Tennessee,2013-01-01,574,569,566.0,8.0
824,Texas,2013-01-01,477,499,461.0,59.0
825,Utah,2013-01-01,569,566,549.0,6.0
826,Vermont,2013-01-01,516,519,505.0,61.0
827,Virginia,2013-01-01,516,514,498.0,71.0
828,Washington,2013-01-01,515,523,499.0,60.0
829,West Virginia,2013-01-01,514,501,498.0,15.0
830,Wisconsin,2013-01-01,591,604,576.0,4.0
831,Wyoming,2013-01-01,581,588,588.0,4.0
832,United States,2005-01-01,508,520,,49.0
833,Alabama,2005-01-01,567,559,,10.0
834,Alaska,2005-01-01,523,519,,52.0
835,Arizona,2005-01-01,526,530,,33.0
836,Arkansas,2005-01-01,563,552,,6.0
837,California,2005-01-01,504,522,,50.0
838,Colorado,2005-01-01,560,560,,26.0
839,Connecticut,2005-01-01,517,517,,86.0
840,Delaware,2005-01-01,503,502,,74.0
841,District of Columbia,2005-01-01,490,478,,79.0
842,Florida,2005-01-01,498,498,,65.0
843,Georgia,2005-01-01,497,496,,75.0
844,Hawaii,2005-01-01,490,516,,61.0
845,Idaho,2005-01-01,544,542,,21.0
846,Illinois,2005-01-01,594,606,,10.0
847,Indiana,2005-01-01,504,508,,66.0
848,Iowa,2005-01-01,596,608,,5.0
849,Kansas,2005-01-01,585,588,,9.0
850,Kentucky,2005-01-01,561,559,,12.0
851,Louisiana,2005-01-01,565,562,,8.0
852,Maine,2005-01-01,509,505,,75.0
853,Maryland,2005-01-01,511,515,,71.0
854,Massachusetts,2005-01-01,520,527,,86.0
855,Michigan,2005-01-01,568,579,,10.0
856,Minnesota,2005-01-01,592,597,,11.0
857,Mississippi,2005-01-01,564,554,,4.0
858,Missouri,2005-01-01,588,588,,7.0
859,Montana,2005-01-01,540,540,,31.0
860,Nebraska,2005-01-01,574,579,,8.0
861,Nevada,2005-01-01,508,513,,39.0
862,New Hampshire,2005-01-01,525,525,,81.0
863,New Jersey,2005-01-01,503,517,,86.0
864,New Mexico,2005-01-01,558,547,,13.0
865,New York,2005-01-01,497,511,,92.0
866,North Carolina,2005-01-01,499,511,,74.0
867,North Dakota,2005-01-01,590,605,,4.0
868,Ohio,2005-01-01,539,543,,29.0
869,Oklahoma,2005-01-01,570,563,,7.0
870,Oregon,2005-01-01,526,528,,59.0
871,Pennsylvania,2005-01-01,501,503,,75.0
872,Rhode Island,2005-01-01,503,505,,72.0
873,South Carolina,2005-01-01,494,499,,64.0
874,South Dakota,2005-01-01,589,589,,5.0
875,Tennessee,2005-01-01,572,563,,16.0
876,Texas,2005-01-01,493,502,,54.0
877,Utah,2005-01-01,566,557,,7.0
878,Vermont,2005-01-01,521,517,,67.0
879,Virginia,2005-01-01,516,514,,73.0
880,Washington,2005-01-01,532,534,,55.0
881,West Virginia,2005-01-01,523,511,,20.0
882,Wisconsin,2005-01-01,592,599,,6.0
883,Wyoming,2005-01-01,544,543,,12.0
884,United States,2011-01-01,497,514,489.0,53.0
885,Alabama,2011-01-01,546,541,536.0,8.0
886,Alaska,2011-01-01,515,511,487.0,52.0
887,Arizona,2011-01-01,517,523,499.0,28.0
888,Arkansas,2011-01-01,568,570,554.0,5.0
889,California,2011-01-01,499,515,499.0,53.0
890,Colorado,2011-01-01,570,573,556.0,19.0
891,Connecticut,2011-01-01,509,513,513.0,87.0
892,Delaware,2011-01-01,489,490,476.0,74.0
893,District of Columbia,2011-01-01,469,457,459.0,79.0
894,Florida,2011-01-01,487,489,471.0,64.0
895,Georgia,2011-01-01,485,487,473.0,80.0
896,Hawaii,2011-01-01,479,500,469.0,64.0
897,Idaho,2011-01-01,542,539,517.0,20.0
898,Illinois,2011-01-01,599,617,591.0,5.0
899,Indiana,2011-01-01,493,501,475.0,68.0
900,Iowa,2011-01-01,596,606,575.0,3.0
901,Kansas,2011-01-01,580,591,563.0,7.0
902,Kentucky,2011-01-01,576,572,563.0,6.0
903,Louisiana,2011-01-01,555,550,546.0,8.0
904,Maine,2011-01-01,469,469,453.0,93.0
905,Maryland,2011-01-01,499,502,491.0,74.0
906,Massachusetts,2011-01-01,513,527,509.0,89.0
907,Michigan,2011-01-01,583,604,573.0,5.0
908,Minnesota,2011-01-01,593,608,577.0,7.0
909,Mississippi,2011-01-01,564,543,553.0,4.0
910,Missouri,2011-01-01,592,593,579.0,5.0
911,Montana,2011-01-01,539,537,516.0,26.0
912,Nebraska,2011-01-01,585,591,569.0,5.0
913,Nevada,2011-01-01,494,496,470.0,47.0
914,New Hampshire,2011-01-01,523,525,511.0,77.0
915,New Jersey,2011-01-01,495,516,497.0,78.0
916,New Mexico,2011-01-01,548,541,529.0,12.0
917,New York,2011-01-01,485,499,476.0,89.0
918,North Carolina,2011-01-01,493,508,474.0,67.0
919,North Dakota,2011-01-01,586,612,561.0,3.0
920,Ohio,2011-01-01,539,545,522.0,21.0
921,Oklahoma,2011-01-01,571,565,547.0,6.0
922,Oregon,2011-01-01,520,521,499.0,56.0
923,Pennsylvania,2011-01-01,493,501,479.0,73.0
924,Rhode Island,2011-01-01,495,493,489.0,68.0
925,South Carolina,2011-01-01,482,490,464.0,70.0
926,South Dakota,2011-01-01,584,591,562.0,4.0
927,Tennessee,2011-01-01,575,568,567.0,10.0
928,Texas,2011-01-01,479,502,465.0,58.0
929,Utah,2011-01-01,563,559,545.0,6.0
930,Vermont,2011-01-01,515,518,505.0,67.0
931,Virginia,2011-01-01,512,509,495.0,71.0
932,Washington,2011-01-01,523,529,508.0,57.0
933,West Virginia,2011-01-01,514,501,497.0,17.0
934,Wisconsin,2011-01-01,590,602,575.0,5.0
935,Wyoming,2011-01-01,572,569,551.0,5.0
936,United States,2010-01-01,501,516,492.0,47.0
937,Alabama,2010-01-01,556,550,544.0,7.0
938,Alaska,2010-01-01,518,515,491.0,48.0
939,Arizona,2010-01-01,519,525,500.0,25.0
940,Arkansas,2010-01-01,566,566,552.0,4.0
941,California,2010-01-01,501,516,500.0,50.0
942,Colorado,2010-01-01,568,572,555.0,18.0
943,Connecticut,2010-01-01,509,514,513.0,84.0
944,Delaware,2010-01-01,493,495,481.0,71.0
945,District of Columbia,2010-01-01,474,464,466.0,76.0
946,Florida,2010-01-01,496,498,479.0,59.0
947,Georgia,2010-01-01,488,490,475.0,74.0
948,Hawaii,2010-01-01,483,505,470.0,58.0
949,Idaho,2010-01-01,543,541,517.0,19.0
950,Illinois,2010-01-01,585,600,577.0,6.0
951,Indiana,2010-01-01,494,505,477.0,64.0
952,Iowa,2010-01-01,603,613,582.0,3.0
953,Kansas,2010-01-01,590,595,567.0,6.0
954,Kentucky,2010-01-01,575,575,563.0,6.0
955,Louisiana,2010-01-01,555,550,547.0,7.0
956,Maine,2010-01-01,468,467,454.0,92.0
957,Maryland,2010-01-01,501,506,495.0,70.0
958,Massachusetts,2010-01-01,512,526,509.0,86.0
959,Michigan,2010-01-01,585,605,576.0,5.0
960,Minnesota,2010-01-01,594,607,580.0,7.0
961,Mississippi,2010-01-01,566,548,552.0,3.0
962,Missouri,2010-01-01,593,595,580.0,4.0
963,Montana,2010-01-01,538,538,517.0,24.0
964,Nebraska,2010-01-01,585,593,568.0,4.0
965,Nevada,2010-01-01,496,501,473.0,43.0
966,New Hampshire,2010-01-01,520,524,510.0,77.0
967,New Jersey,2010-01-01,495,514,497.0,76.0
968,New Mexico,2010-01-01,553,549,534.0,11.0
969,New York,2010-01-01,484,499,478.0,85.0
970,North Carolina,2010-01-01,497,511,477.0,63.0
971,North Dakota,2010-01-01,580,594,559.0,4.0
972,Ohio,2010-01-01,538,548,522.0,21.0
973,Oklahoma,2010-01-01,569,568,547.0,5.0
974,Oregon,2010-01-01,523,524,499.0,54.0
975,Pennsylvania,2010-01-01,492,501,480.0,71.0
976,Rhode Island,2010-01-01,494,495,488.0,67.0
977,South Carolina,2010-01-01,484,495,468.0,66.0
978,South Dakota,2010-01-01,592,603,571.0,3.0
979,Tennessee,2010-01-01,576,571,565.0,10.0
980,Texas,2010-01-01,484,505,473.0,53.0
981,Utah,2010-01-01,568,559,547.0,6.0
982,Vermont,2010-01-01,519,521,506.0,66.0
983,Virginia,2010-01-01,512,512,497.0,67.0
984,Washington,2010-01-01,524,532,508.0,54.0
985,West Virginia,2010-01-01,515,507,500.0,16.0
986,Wisconsin,2010-01-01,595,604,579.0,4.0
987,Wyoming,2010-01-01,570,567,546.0,5.0
988,United States,2004-01-01,508,518,,48.0
989,Alabama,2004-01-01,560,553,,10.0
990,Alaska,2004-01-01,518,514,,53.0
991,Arizona,2004-01-01,523,524,,32.0
992,Arkansas,2004-01-01,569,555,,6.0
993,California,2004-01-01,501,519,,49.0
994,Colorado,2004-01-01,554,553,,27.0
995,Connecticut,2004-01-01,515,515,,85.0
996,Delaware,2004-01-01,500,499,,73.0
997,District of Columbia,2004-01-01,489,476,,77.0
998,Florida,2004-01-01,499,499,,67.0
999,Georgia,2004-01-01,494,493,,73.0
1000,Hawaii,2004-01-01,487,514,,60.0
1001,Idaho,2004-01-01,540,539,,20.0
1002,Illinois,2004-01-01,585,597,,10.0
1003,Indiana,2004-01-01,501,506,,64.0
1004,Iowa,2004-01-01,593,602,,5.0
1005,Kansas,2004-01-01,584,585,,9.0
1006,Kentucky,2004-01-01,559,557,,12.0
1007,Louisiana,2004-01-01,564,561,,8.0
1008,Maine,2004-01-01,505,501,,76.0
1009,Maryland,2004-01-01,511,515,,68.0
1010,Massachusetts,2004-01-01,518,523,,85.0
1011,Michigan,2004-01-01,563,573,,11.0
1012,Minnesota,2004-01-01,587,593,,10.0
1013,Mississippi,2004-01-01,562,547,,5.0
1014,Missouri,2004-01-01,587,585,,8.0
1015,Montana,2004-01-01,537,539,,29.0
1016,Nebraska,2004-01-01,569,576,,8.0
1017,Nevada,2004-01-01,507,514,,40.0
1018,New Hampshire,2004-01-01,522,521,,80.0
1019,New Jersey,2004-01-01,501,514,,83.0
1020,New Mexico,2004-01-01,554,543,,14.0
1021,New York,2004-01-01,497,510,,87.0
1022,North Carolina,2004-01-01,499,507,,70.0
1023,North Dakota,2004-01-01,582,601,,5.0
1024,Ohio,2004-01-01,538,542,,28.0
1025,Oklahoma,2004-01-01,569,566,,7.0
1026,Oregon,2004-01-01,527,528,,56.0
1027,Pennsylvania,2004-01-01,501,502,,74.0
1028,Rhode Island,2004-01-01,503,502,,72.0
1029,South Carolina,2004-01-01,491,495,,62.0
1030,South Dakota,2004-01-01,594,597,,5.0
1031,Tennessee,2004-01-01,567,557,,16.0
1032,Texas,2004-01-01,493,499,,52.0
1033,Utah,2004-01-01,565,556,,7.0
1034,Vermont,2004-01-01,516,512,,66.0
1035,Virginia,2004-01-01,515,509,,71.0
1036,Washington,2004-01-01,528,531,,52.0
1037,West Virginia,2004-01-01,524,514,,19.0
1038,Wisconsin,2004-01-01,587,596,,7.0
1039,Wyoming,2004-01-01,551,546,,12.0
